,Titular,Diario,Fechas,Link,Noticia
0,‚ÄòSent√≠ que el Pichincha se nos ven√≠a encima‚Äô; dos relatos del aluvi√≥n de La Gasca de 1975,El Universo,2022-02-04T23:56:04Z,https://news.google.com/articles/CBMic2h0dHBzOi8vd3d3LmVsdW5pdmVyc28uY29tL25vdGljaWFzL2VjdWFkb3IvcXVpdG8tYWx1dmlvbi1sYS1nYXNjYS1kZXNsYXZlcy1kZXNhc3RyZXMtbmF0dXJhbGVzLWhpc3RvcmlhLTE5NzUtbm90YS_SAYIBaHR0cHM6Ly93d3cuZWx1bml2ZXJzby5jb20vbm90aWNpYXMvZWN1YWRvci9xdWl0by1hbHV2aW9uLWxhLWdhc2NhLWRlc2xhdmVzLWRlc2FzdHJlcy1uYXR1cmFsZXMtaGlzdG9yaWEtMTk3NS1ub3RhLz9vdXRwdXRUeXBlPWFtcA?hl=es-419&gl=US&ceid=US%3Aes-419,"A prop√≥sito del  aluvi√≥n que dej√≥ m√°s de veinte muertos , decenas de heridos y enormes da√±os materiales en La Comuna y La Gasca, los deslaves de baja, mediana o alta intensidad han sido una constante en las laderas del Pichincha y han afectado a los barrios ubicados en el lado occidental de Quito. El jueves 25 de febrero de 1975, La Gasca ya experiment√≥ una tragedia similar  cuando la fuerza del agua y el lodo se llev√≥ todo a su paso. No lleg√≥ a ser tan devastador como el aluvi√≥n del 31 de enero de este a√±o, pero quienes lo recuerdan cuentan su experiencia a√∫n con p√°nico y desolaci√≥n. Susana Rold√°n, contadora y empresaria textil,  vivi√≥ 39 a√±os en las calles La Gasca y Ritter.  Se mud√≥, porque enviud√≥. Sus hijas se casaron y la casa ya le result√≥ demasiado grande. Sin embargo, guarda en su memoria a La Gasca como un barrio tranquilo, de clase media, bien mantenido y seguro. Le encantaba observar desde la ventana de su casa al  volc√°n Cotopaxi . En esa √©poca, dice, ‚ÄúLa Gasca era el  norte de Quito ; se pod√≠a caminar tranquilamente‚Ä¶‚Äù. Hasta que el aluvi√≥n de 1975  prendi√≥ las alertas  sobre la seguridad de la zona. Hoy, esta mujer  tiene 75  a√±os y recuerda que por aquel tiempo ten√≠a dos ni√±as y estaba embarazada de su tercera hija. ‚ÄúEstaba en mi casa con mis dos hijas y una empleada. De pronto,  sent√≠ que la casa, a pesar de que era grande, se mov√≠a.  Se o√≠a un ruido tremendo, que es imposible de describir. Ese rato yo  pens√© que era un terremoto‚Äù. Tom√≥ a las ni√±as y quiso salir de la casa. Cuando abri√≥ la puerta vio que bajaba agua ‚Äúpor la misma calle que baj√≥ el aluvi√≥n del lunes (31 de enero)‚Äù. No olvidar√° jam√°s que cuando alz√≥ la vista,  ‚Äúel lodo se estaba llevando un carro como si fuera una caja de f√≥sforos‚Äù.  Al instante, se imagin√≥ lo peor: que el agua iba a dar contra su casa.  ‚ÄúSent√≠ que el Pichincha se nos ven√≠a encima‚Äù. De la planta alta, donde viv√≠a, baj√≥ a toda velocidad para escapar con las ni√±as. ‚ÄúMi idea era cruzar a la casa de al frente, pero cuando abr√≠ la puerta que daba a la calle principal vi una  cantidad de agua impresionante.  Afortunadamente, mi casa ten√≠a unas gradas de ingreso y eso impidi√≥ que se inundara‚Äù. Cerr√≥ la puerta y afuera, el lodo  ‚Äúno se llevaba piedras, sino rocas, unas rocas inmensas, a una velocidad sorprendente‚Äù. Se sinti√≥  ‚Äúprisionera y angustiada‚Äù , dice, pues ante el desastre natural que ten√≠a frente a sus ojos en cualquier momento pod√≠a ser arrastrada por la corriente, junto con sus dos peque√±as asustadas, que no paraban de llorar. Ese gran susto termin√≥ cuando la fuerza de las aguas fue disminuyendo y pas√≥ el momento de mayor riesgo. Sin embargo, la casa sufri√≥ da√±os, pues los sedimentos hab√≠an derrumbado el cerramiento posterior de la vivienda, que  qued√≥ inundada. ‚ÄúMis hijos est√°n vivos de milagro‚Äù.  As√≠ resume su experiencia  Patricio Torres, de 79 a√±os.  En los a√±os setenta trabajaba como periodista de  El Comercio  y cuando ocurri√≥ el aluvi√≥n viv√≠a en La Gasca, con su mujer e hijos. ‚ÄúEra un barrio muy bonito, lleno de jardines, con muchas comodidades, desde donde se pod√≠a divisar a Quito en su plenitud. All√≠ viv√≠an muchos militares‚Äù. Relata que la tarde del  25 de febrero de 1975 , en su calidad de reportero, fue a una rueda de prensa. All√≠ su amigo Luis Mej√≠a Montesdeoca le dijo que algo grave hab√≠a pasado en La Gasca, pero no ten√≠a mayores precisiones. Patricio busc√≥ un tel√©fono para llamar a su casa, pero  nadie le contest√≥. Entr√≥ en desesperaci√≥n. ‚ÄúMe preocup√© y agarr√© mi coche‚Äù. En el camino vio c√≥mo  el lodazal cubr√≠a la calle  para llegar a su casa. ‚ÄúNo s√© c√≥mo, pero llegu√©; la desesperaci√≥n por ver que mis hijos y mi esposa est√©n bien era m√°s fuerte que sentir c√≥mo  el carro se hund√≠a mientras avanzaba en el lodo‚Äù. Cuando al fin lleg√≥, vio la  dimensi√≥n del aluvi√≥n  y a los suyos, de suerte, a salvo. ‚ÄúFue una  escena apocal√≠ptica , sent√≠ un miedo brutal, pero cuando vi a mis hijos sentados en las gradas de una casa vecina, me tranquilic√©‚Äù. Su hijo Diego, que ten√≠a 9 a√±os, hab√≠a sido quien tom√≥ la iniciativa. ‚ÄúMe cont√≥ que estaba haciendo los deberes en un escritorio, cerca de la sala, cuando, de pronto,  todo se hab√≠a ensombrecido y empezaron a romperse los vidrios de las ventanas‚Äù. Tras  el susto del estruendo,  el lodo, que hab√≠a roto el cerramiento del jard√≠n, empez√≥ a meterse por todo lado. El peque√±o Diego corri√≥ a la parte alta de la casa, pero se dio cuenta de que no estaban sus hermanos menores, de 7 y 5 a√±os. Baj√≥ las gradas y logr√≥ sacarlos. De esos ajetreos, solo recuerda  ‚Äúun ruido feroz‚Äù. Cuando los tres hermanos estuvieron juntos -recuerda Patricio-, fueron rescatados por un capit√°n del Ej√©rcito, que era vecino, y un maestro pintor que hab√≠a trabajado en la casa una semana antes. ‚ÄúEllos se hab√≠an metido en el lodo y  lograron sacar a los ni√±os  y los llevaron a su casa. Por eso digo que  mis hijos est√°n vivos de milagro‚Äù. Este periodista retirado cree que al menos unas  diez o doce casas se inundaron  ese d√≠a y que hab√≠a troncos y rocas por toda la avenida La Gasca. Los sedimentos llegaron hasta la 10 de Agosto. ‚ÄúClaro que con menor intensidad frente a lo que pas√≥ ahora;  mi casa s√≠ pudo soportar el aluvi√≥n‚Äù.  (I)"
1,"Una ‚Äòmega minga‚Äô se realizar√° el s√°bado en La Gasca y La Comuna, zonas golpeadas por el aluvi√≥n en Quito",El Universo,2022-02-05T05:40:44Z,https://news.google.com/articles/CBMimwFodHRwczovL3d3dy5lbHVuaXZlcnNvLmNvbS9ub3RpY2lhcy9lY3VhZG9yL3VuYS1tZWdhLW1pbmdhLXNlLXJlYWxpemFyYS1lbC1zYWJhZG8tZW4tbGEtZ2FzY2EteS1sYS1jb211bmEtbGFzLXpvbmFzLWdvbHBlYWRhcy1wb3ItZWwtYWx1dmlvbi1lbi1xdWl0by1ub3RhL9IBqgFodHRwczovL3d3dy5lbHVuaXZlcnNvLmNvbS9ub3RpY2lhcy9lY3VhZG9yL3VuYS1tZWdhLW1pbmdhLXNlLXJlYWxpemFyYS1lbC1zYWJhZG8tZW4tbGEtZ2FzY2EteS1sYS1jb211bmEtbGFzLXpvbmFzLWdvbHBlYWRhcy1wb3ItZWwtYWx1dmlvbi1lbi1xdWl0by1ub3RhLz9vdXRwdXRUeXBlPWFtcA?hl=es-419&gl=US&ceid=US%3Aes-419,"Luego de cinco d√≠as desde el  aluvi√≥n del 31 de enero  que acab√≥ con decenas de vidas e infraestructura en los sectores de  La Gasca y La Comuna , al norte de Quito, el s√°bado 5 de febrero se realizar√° una ‚Äò mega minga ‚Äô para avanzar con la limpieza de las zonas afectadas.  El Municipio  invit√≥ a la ciudadan√≠a a colaborar  con esta iniciativa. El punto de encuentro para las personas que deseen participar ser√° la  avenida Am√©rica y Fray Antonio de Marchena , sector Universidad Central, a las  08:00.  Se recomienda a los voluntarios llevar  palas, escobas, recogedores de basura, mascarilla, protector solar, zapatos deportivos o botas de caucho.  En las tareas de limpieza tambi√©n apoyar√°n los  servidores municipales.  El alcalde Santiago Guarderas, dijo que se ha dispuesto todo el contingente necesario para rehabilitar el sector.  La  empresa privada  tambi√©n se sumar√°, ‚Äúpara levantar a Quito de esta emergencia‚Äù, dijo Carolina Vel√°squez, secretaria de Coordinaci√≥n Territorial y Participaci√≥n Ciudadana. Seg√∫n cifras de la Secretar√≠a de Seguridad del Municipio, hasta el viernes 4 de febrero se contaban:  28 fallecidos , 53 heridos (dos fallecidos en el hospital), 2 desaparecidos, 141 familias afectadas, 32 viviendas afectadas, 7 colapsadas, 14 cerramientos afectados y 18 753 metros c√∫bicos de lodo retirados.  (I)"
3,"Familias despiden a las v√≠ctimas mortales del aluvi√≥n que afect√≥ a La Comuna y La Gasca, en el centro norte de Quito",El Universo,2022-02-03T21:39:29Z,https://news.google.com/articles/CBMipQFodHRwczovL3d3dy5lbHVuaXZlcnNvLmNvbS9ub3RpY2lhcy9lY3VhZG9yL2ZhbWlsaWFzLWRlc3BpZGVuLWEtbGFzLXZpY3RpbWFzLW1vcnRhbGVzLWRlbC1hbHV2aW9uLXF1ZS1hZmVjdG8tYS1sYS1jb211bmEteS1sYS1nYXNjYS1lbi1lbC1jZW50cm8tbm9ydGUtZGUtcXVpdG8tbm90YS_SAbQBaHR0cHM6Ly93d3cuZWx1bml2ZXJzby5jb20vbm90aWNpYXMvZWN1YWRvci9mYW1pbGlhcy1kZXNwaWRlbi1hLWxhcy12aWN0aW1hcy1tb3J0YWxlcy1kZWwtYWx1dmlvbi1xdWUtYWZlY3RvLWEtbGEtY29tdW5hLXktbGEtZ2FzY2EtZW4tZWwtY2VudHJvLW5vcnRlLWRlLXF1aXRvLW5vdGEvP291dHB1dFR5cGU9YW1w?hl=es-419&gl=US&ceid=US%3Aes-419,"Este jueves 3 de febrero se cumpli√≥ el  tercer d√≠a de limpieza y b√∫squeda de cuerpos en La Comuna Santa Clara de San Mill√°n y La Gasca,  zonas afectadas por un  aluvi√≥n  el pasado 31 de enero. Las v√≠ctimas encontradas entre los escombros empiezan a ser  veladas por sus seres queridos  en diferentes lugares. A la casa comunal de La Comuna llegaron los  f√©retros de Johanna Iza y su abuela Rosa Guam√°n .   Las dos estaban en su casa, ubicada bajo la cancha de ecuavoli que fue  arrasada con el aluvi√≥n . Seg√∫n cuentan sus familiares, Johanna fue encontrada en una puerta y Rosa fue hallada bajo el lodo, ayer, cerca de las 10:20. Patricio Minango,  hijo de Rosa y t√≠o de Johanna, denunci√≥ que en  redes sociales se ha publicado una cuenta falsa  a nombre de la familia damnificada para pedir colaboraci√≥n econ√≥mica. ‚ÄúMe duele por mi hermana y su hijo, que  se quedaron sin nada.  La casa desapareci√≥ y no hemos recibido ninguna ayuda‚Äù, asever√≥. La cuenta que han destinado para ayuda es la del hermano de Johanna, que est√° a nombre de  Jorge Luis Iza : cuenta de ahorros del Banco Pichincha, n√∫mero  2202285038 . Minango tambi√©n puntualiz√≥ que las dem√°s cuentas que han publicado en redes sociales a nombre de esta familia son falsas, por lo que pidi√≥ que sean reportadas. Las dem√°s personas fueron llevadas a sus casas o centros de velaci√≥n en distintos puntos de la ciudad. En la morgue, el Ministerio de Inclusi√≥n Econ√≥mica y Social (MIES) realiz√≥ la  donaci√≥n de f√©retros  para los fallecidos en este desastre natural. Los rescatistas del Cuerpo de Bomberos Quito, Polic√≠a Nacional, Ej√©rcito, instituciones municipales y voluntarios civiles  contin√∫an en labores de limpieza en la zona cero ,   bajo la cancha de ecuavoli, para encontrar los cuerpos sin vida de las personas reportadas como desaparecidas. Seg√∫n el √∫ltimo informe del COE metropolitano, se registran  26 personas fallecidas, 53 heridos y 5 desaparecidos . Una monta√±a de lodo se form√≥ entre la cancha de ecuavoli y la casa de al lado. Existe un  olor a descomposici√≥n . La mayor√≠a de los socorristas est√°n ah√≠. Presumen que  bajo el fango y troncos encontrar√°n v√≠ctimas . Mientras tanto, el apoyo de la ciudadan√≠a ha sido notorio. A la casa comunal han llegado  colchones, prendas de vestir, v√≠veres,  los cuales est√°n siendo organizados para entregar a las familias damnificadas. El cabildo de La Comuna es el que est√° administrando; aunque las familias reclaman apoyo, los dirigentes informaron que  est√°n separando todo lo que llega para repartir de manera ordenada . En la calle Jos√© Berrutieta, bajo la avenida Mariscal Sucre, un grupo de voluntarios pidi√≥ un garaje y desde ah√≠ elaboran  120 platos de desayuno, almuerzo y merienda  para las personas del sector. Solicitaron que les ayuden  con carne de pollo o res;  lo dem√°s s√≠ tienen. En el coliseo de la Universidad Central tambi√©n contin√∫an recibiendo donaciones, as√≠ como en las ocho administraciones zonales, dispuestas por el Municipio de Quito.  (I)"
4,Vecinos de La Gasca rescataron a un ni√±o arrastrado por el aluvi√≥n,El Comercio (Ecuador),2022-02-01T20:02:00Z,https://news.google.com/articles/CBMiZ2h0dHBzOi8vd3d3LmVsY29tZXJjaW8uY29tL2FjdHVhbGlkYWQvcXVpdG8vdmVjaW5vcy1nYXNjYS1yZXNjYXRlLW5pbm8tYWx1dmlvbi1oaXN0b3JpYXMtYWZlY3RhZG9zLmh0bWzSAQA?hl=es-419&gl=US&ceid=US%3Aes-419,"Mientras sacan lodo de sus casas y recogen  escombros , este martes 1 de febrero del 2022, los  vecinos  hablan de un tema en com√∫n: el  ni√±o  que fue  arrastrado  durante el  aluvi√≥n  de La  Gasca , en el norte de  Quito . ‚ÄúDicen que estaba con una  hermana , pero a ella no la vimos‚Äù, cuentan quienes viven en la  calle Domingo Espinar , de ese barrio capitalino. Un vecino sac√≥ al ni√±o y otra familia lo ba√±√≥. ‚ÄúEstaba consciente pero muy golpeado‚Äù, cuentan. Cada  familia  vivi√≥ el momento como una especie de  pesadilla  y cuentan los efectos del  aluvi√≥n  para ellos, sus viviendas y su comunidad. Cuando  Jorge Morales  vio que en el r√≠o de lodo pasaban personas que no pod√≠an salir de √©l quiso ayudar. Tom√≥ una cuerda y la lanz√≥ para que un hombre y un ni√±o que eran arrastrados se sujeten de ella.¬†Pero no lo lograron. Mientras cuenta lo que hizo, a Jorge se le quiebra la voz y se detiene un momento para evitar que el llanto le gane. Al ver que el ni√±o no pudo tomar¬†la cuerda, Jorge sali√≥ detr√°s de √©l y lo alcanz√≥. ‚ÄúNo logr√© ayudar tambi√©n al hombre‚Äù, dice decepcionado. En medio del desastre, la hija de  Natalia Morales  se cay√≥ y se fractur√≥ la nariz. Ella cuenta que lo que vivieron durante el aluvi√≥n es traum√°tico. ‚ÄúFue horrible,  por aqu√≠ pas√≥ una persona muerta  en el lodo. Otros estaban vivos y  no pod√≠amos ayudarles ‚Äù. Su carro estaba parqueado frente a la casa y lo encontraron seis cuadras m√°s abajo, en La Gasca. En su casa, el lodo ingres√≥. Natalia dice que ‚Äúgracia a Dios, la desgracia no toc√≥ a su familia como pas√≥ con muchas otras‚Äù. Stalin Valencia  escuch√≥ ruido. Cuando sali√≥, un r√≠o de lodo arrastraba todo lo que encontraba a su paso. ‚ÄúPens√© que estaba so√±ando, al salir y ver que por la calle se  arrastraban carros ,  contenedores  de basura,  √°rboles  y hasta  personas ‚Äù. El joven vio un auto KIA azul pasar con las llantas hacia arriba, frente a sus ojos. Tambi√©n vio c√≥mo el lodo arrastraba a una persona a toda  velocidad . ‚ÄúEl se√±or lleg√≥ a la esquina de La Gasca y se fue hacia abajo‚Äù. El lunes, Alicia Naranjo lleg√≥ a su casa, estacion√≥ su veh√≠culo en el parqueadero y subi√≥ a su  departamento , en un tercer piso.  ‚Äú20 minutos despu√©s se fue la luz. Mi pap√° grit√≥ que veamos c√≥mo pasaba el agua y lodo. As√≠ empez√≥ todo el desastre. Si me demoraba unos minutos m√°s, el lodo me llevaba‚Äù. Dos portones de la casa en la que vive se abrieron de par en par por la  fuerza  con la que el  lodo  pasaba por la  calle . El lodo ingres√≥ a la casa y cubri√≥ la superficie hasta cerca de la ventana del primer piso, en donde vive su pap√°. ‚ÄúPor suerte mi papi estaba arriba conmigo‚Äù, cuenta la mujer, cubierta de lodo hasta las rodillas mientras saca los escombros con una pala, hacia la calle. En la casa de Jaime Cahuasqu√≠, el tol de la puerta se rompi√≥ y el lodo ingres√≥. El  parqueadero  tiene un  desnivel  y los escombros poco a poco llegaban a su veh√≠culo, cuenta. Desde el segundo piso, la familia observaba el  desastre  que causaba el aluvi√≥n. ‚ÄúEl carro se empezaba a resbalar, as√≠ que baj√© y logr√© girar el volante para que se quede atorado contra una grada‚Äù. Latas dobladas y fierros con lodo seco dieron trabajo en ese hogar. Para limpiarlos usaron mangueras, escobas y palas. La familia calcula que necesitar√°n unos USD 500 para la reparaci√≥n de la puerta."
5,"La tragedia de La Gasca puede repetirse, advierten expertos",El Comercio (Ecuador),2022-02-02T18:59:00Z,https://news.google.com/articles/CBMiVGh0dHBzOi8vd3d3LmVsY29tZXJjaW8uY29tL2FjdHVhbGlkYWQvdHJhZ2VkaWEtYWx1dmlvbi1nYXNjYS1xdWl0by1yaWVzZ28tY2xpbWEuaHRtbNIBAA?hl=es-419&gl=US&ceid=US%3Aes-419,"‚ÄúCuando era ni√±o, a finales de los 80 e inicios de los 90, los  aluviones  en Quito eran pan de cada d√≠a‚Äù. Estos recuerdos est√°n presentes en la memoria de  Xavier Zapata, hidr√≥logo  y docente de la Escuela  Polit√©cnica Nacional  del Ecuador. Si bien con el tiempo las  im√°genes  han sido menos recurrentes, el lunes 31 de enero del 2022, en La  Gasca , volvieron a ser palpables. Se convirtieron en una r√©plica de las  fotograf√≠as  que se conservan del  aluvi√≥n  registrando a√∫n antes de los 80, el 25 de febrero de 1975 . Dos fallecidos dej√≥ la tragedia en ese entonces, que se extendi√≥ por La Gasca y lleg√≥ hasta el  barrio La Mariscal . El impacto del fen√≥meno del √∫ltimo d√≠a de enero del 2022 deja m√°s de 20 fallecidos y por los que rigen tres d√≠as de luto. La configuraci√≥n de la ciudad y el proceso de  relleno  de  quebradas  para dar paso al crecimiento de la capital son dos elementos que marcan la pauta para hechos como el ocurrido en  Quito . Zapata apunta, justamente, a que La Gasca es prueba de esa din√°mica dada en las hondonadas. En este caso estuvo implicada la  quebrada El Tejado . Y con las lluvias fuertes, el  agua tiene que desfogar  por alg√∫n lado y va a tomar los  causes naturales  que fueron cubiertos. El experto da cuenta de que se sab√≠a que lo ocurrido el lunes pod√≠a pasar y, sin duda, se va a repetir. ‚ÄúNos pusimos en el camino del agua‚Äù. En el 2015, la  Secretar√≠a  de  Ambiente  del Municipio, a trav√©s del  Plan  de  Recuperaci√≥n  de  Quebradas , identific√≥ cerca de 183 en el  Distrito  Metropolitano que est√°n relacionadas con  √°reas pobladas  y en las  laderas del Pichincha  hay 53. En los 90 hubo obras atadas al  proyecto  del mismo nombre. Estas han sido efectivas para que los eventos no sean tan recurrentes. Pero,  si la  magnitud  de la  precipitaci√≥n  es demasiado  alta , la  infraestructura  de protecci√≥n  se va a ver  rebasada . De ah√≠ la necesidad de hacer una  evaluaci√≥n  de la  infraestructura . El docente adelanta que como Universidad ya empezaron un proceso para  documentar  lo ocurrido este lunes , para hacer una  simulaci√≥n  del  proceso hidr√°ulico , entender a detalle lo que ocurri√≥ y plantear  alternativas , que pueden incluir la manera de derivar las aguas a  zonas seguras . Ejemplos de las repercusiones en √©pocas lluviosas sobran. La  declaratoria  de  emergencia  en la capital por las  fuertes lluvias , en marzo de 2017, es uno.  En ese momento, los datos de la  Secretar√≠a  de  Seguridad  dieron fe de que el n√∫mero de emergencias por las lluvias fue  cuatro veces mayor  respecto de enero a marzo del 2016. Y en septiembre de 2020,  Pomasqui  amaneci√≥ cubierto de  lodo  y escombros.  El aluvi√≥n afect√≥ al barrio Santa Teresita . De hecho, el 14 de diciembre de 2021, dos trabajadores de la Empresa P√∫blica Metropolitana de Agua Potable y Saneamiento (Epmaps)  fallecieron luego de ser arrastrados por una corriente de lodo  mientras limpiaban la estructura de captaci√≥n de la  quebrada Caicedo , en el sector de El  Bosque . El exsecretario de Seguridad del Distrito Metropolitano  C√©sar D√≠az  respalda que lo ocurrido en La Gasca se pod√≠a advertir. De ah√≠ la importancia de las labores de  mantenimiento  de estructuras de  mitigaci√≥n  y la implementaci√≥n de otras, como lo ejecutado en espacios como la  quebrada  de  Caupicho . Para D√≠az es penosa la forma como se administra el  riesgo  inminente, considerando que a trav√©s de  estudios t√©cnicos  se tienen identificados los sitios  propensos  a  inundaciones  y a  movimientos  en  masa . Estos suman 150. Y se junta la urgencia de dedicar los  fondos  necesarios para  prevenci√≥n . Ante riesgos latentes, Zapata habla de la necesidad de  sistemas  de  alerta temprana , que permitir√≠an una pronta  evacuaci√≥n  y otras medidas. D√≠az indica que  Quito no cuenta con estas herramientas . Otro eje fundamental es el  control  de  asentamientos  y nuevos  proyectos  en las  zonas  de  riesgo . Seg√∫n el Municipio, en un  sobrevuelo realizado este martes, en los sectores de La Gasca, La Comuna y la quebrada El Tejado , se comprob√≥ que no existe  deforestaci√≥n . Desde la  Secretar√≠a  de  Ambiente  del Municipio detallan que a partir de septiembre de 2013 est√° vigente la Ordenanza Metropolitana 446, que conforma el √Årea de Intervenci√≥n Especial y  Recuperaci√≥n  de  Laderas  del  Pichincha Atacazo . Esta se cre√≥ con el prop√≥sito de  controlar  el  crecimiento urbano  hacia las faldas del volc√°n y asegurar la permanencia y calidad de los sistemas de  captaci√≥n  y  tratamiento  de  agua  para la ciudad, adem√°s de los servicios ecosist√©micos que el √°rea provee. Sin embargo, entre los  riesgos  identificados est√°, justamente, la  tala ilegal  del bosque, especialmente de  eucalipto  y los remanentes de  vegetaci√≥n nativa , as√≠ como las  invasiones  de  tierra . Agregan que est√° en marcha el proceso de ajustes a la Ordenanza 446, que tiene como objetivo la ampliaci√≥n de la  superficie  del  √°rea bajo protecci√≥n  (de 9 932 hect√°reas a unas 22 570). La entidad municipal apela a la urgencia de acordar con los habitantes de los barrios vecinos a todas las quebradas de las laderas del Pichincha, procesos para evitar a largo plazo la  acumulaci√≥n  de  residuos  s√≥lidos en los  taludes  y cauces, la eliminaci√≥n de la cobertura vegetal nativa, las construcciones en los  bordes superiores  y los  rellenos  parciales y totales de las quebradas."
6,Temor de moradores en sectores aleda√±os aumenta tras el aluvi√≥n en La Gasca,El Comercio (Ecuador),2022-02-01T21:52:00Z,https://news.google.com/articles/CBMiX2h0dHBzOi8vd3d3LmVsY29tZXJjaW8uY29tL2FjdHVhbGlkYWQvcXVpdG8vcHJlb2N1cGFjaW9uLW1vcmFkb3Jlcy1iYXJyaW9zLWFsdXZpb24tbGFnYXNjYS5odG1s0gEA?hl=es-419&gl=US&ceid=US%3Aes-419,"El  lodo  y los  troncos arrastrados  por el  agua  que se filtra por la  monta√±a  son el recordatorio latente del  riesgo . Cuando llueve duermen vestidos, con el  temor  de que la acequia que pasa por lo alto de la  ladera  se  desborde  y la  pendiente  se vaya abajo. El  estruendo  del agua que circula por un  canal  localizado a un  costado  de sus  viviendas , y que va a dar a la  quebrada Rumipamba , es otra alerta. Son dos familias del  barrio La Primavera , en las laderas del  Pichincha , quienes comparten su  preocupaci√≥n  y  alertan  sobre el  peligro . Y no solo para ellos, sino para quienes viven calles abajo, en sectores como  La Primavera ,  Obispo D√≠az   de la Madrid  y  Enriqueta Aymer  y otras. Jos√© Pillo, de 80 a√±os, lleg√≥ al lugar hace poco m√°s de medio siglo, cuando el horno de ladrillos en el que trabajaba, en el  sector del Estadio Ol√≠mpico , se traslad√≥ hasta las faldas del coloso quite√±o. Lleg√≥ junto a su esposa, Rosal√≠a Farinango, de 79. Tienen ocho hijos. No todos viven en el sitio. Ambos elevan la vista hacia la monta√±a que amenaza su  vivienda , donde ya no hay rastro del calor del horno de ladrillos. En su lugar, se observan pl√°sticos negros para, en algo, amilanar los  movimientos de tierra . Hace poco m√°s de un mes el agua de la  acequia  ya empez√≥ a  filtrarse  y caus√≥ un  deslave . Lo propio ocurri√≥ cerca de la vivienda de Juan Choto, de 81 a√±os, y su esposa, Carmen Ambas, de 76. Est√°n a pocos metros del  canal  que limpian regularmente para evitar que las  ramas  y otros elementos se  acumulen  y las complicaciones aumenten. La vivienda de Nancy Choto, de 53 a√±os, est√° a unos pasos de la de sus  padres . Mientras sigue la direcci√≥n del canal y muestra los  troncos  que bajaron desde la monta√±a, resultado de  tala de √°rboles  en la parte alta, recuerda que hace 23 a√±os, cuando ella estaba en gestaci√≥n del tercero de sus cuatro hijos, un  deslizamiento  se llev√≥ la casa de su abuela, Mar√≠a Gualoto. Lo perdi√≥ todo, excepto, ventajosamente, las vidas de sus  familiares . En  Quito  hay  78 sectores  propensos a  inundaciones  y 72 a  movimientos de masa . Y, al menos de lo que se conoce, no se cuenta a√∫n con sistema de alerta temprana. El fen√≥meno natural producido en  La Gasca  tuvo como antecedente la acumulaci√≥n de  lluvias  que llegaron a 75 litros por metro c√∫bico y gener√≥ un  deslizamiento de las laderas  lo que provoc√≥ el  aluvi√≥n . En la  quebrada El Tejado , donde se dio el hecho, el material super√≥ el embalse y la torre de captaci√≥n de 9 metros. No obstante, repiten los integrantes de las dos familias, ellos ya dan la pauta para no esperar otra  desgracia  y piden que las labores vayan m√°s all√° de las  inspecciones , como, dicen, ya ocurri√≥ cuando se dio el  deslave  a un costado del canal, que incluy√≥ un poste afectado. Acudieron  trabajadores municipales , constataron el hecho y ‚Äúno volvieron‚Äù, como dicen los mismos vecinos. Desde las  viviendas  de ambas familias se distingue el trazado de la  quebrada Rumipamba  y, hacia el occidente, una estructura construida en la √©poca en que el  Pichincha  estuvo en  proceso eruptivo . A trav√©s de esta, por una rejilla, pasa el agua que circula por la  hondonada . La estructura, adem√°s, hace las veces de puente, que une la calle  La Primavera  con el espacio en donde se plantea el proyecto denominado  Cenizario Urkupamba , en una  propiedad privada  y donde ya desde a√±os atr√°s hay un  espacio sin √°rboles  y con un par de  edificaciones . En la anterior administraci√≥n municipal se plante√≥ una opci√≥n: buscar recursos para expropiar el sitio. Moradores de barrios como  El Trigal ,  La Primavera ,  San Vicente ,  Vista Hermosa ,  Luz de Occidente  y  Pedregal  han mantenido su rechazo ante la  implementaci√≥n  del proyecto y hablan de las presuntas  afectaciones  al bosque protector. Esto aunque desde los representantes de la iniciativa se ha hablado de reforestaci√≥n y no de tala. Darwin Benavides, presidente del  Comit√© Promejoras de La Primavera-Las Casas , deja sentada la oposici√≥n. Los vecinos han protagonizado varias protestas y en el sector se pueden distinguir banderas negras con leyendas en contra. A decir del alcalde de Quito,  Santiago Guarderas , hay una consigna: la protecci√≥n del bosque protector a trav√©s de acciones a corto y largo plazo. La Empresa P√∫blica Metropolitana de Agua Potable y Saneamiento (Epmaps) se encargar√° de la ampliaci√≥n de los embalses, y el  Concejo Metropolitano  -mediante una nueva resoluci√≥n- velar√° por la protecci√≥n de las laderas del Pichincha. Seg√∫n el Burgomaestre, el proyecto  Urkupamba  no est√° relacionado con lo ocurrido en  La Gasca , pues este se encuentra en otra √°rea, m√°s hacia el norte. Y que la  licencia  de este se encuentra con  problemas jur√≠dicos . Benavides alude a que en la zona son m√°s de 20 000 personas que requieren  respuestas  y  acciones . De acuerdo con  Oth√≥n Zevallos , gerente de la  Epmaps , la  cat√°strofe  es de  origen natural  y en 1990 se ejecut√≥ el  proyecto Laderas del Pichincha  con  diques ,  embalses  y  torres de captaci√≥n  para conducir las  aguas lluvias  a los  colectores . Estas estructuras son monitoreadas permanentemente. Seg√∫n √©l, se encuentran limpias salvo la denominada  Armero , que present√≥ un  taponamiento  y en la que, a decir del funcionario, arrancaron las labores. En  La Primavera , personal de la  Epmaps  -a bordo de dos camionetas-, aseguraron ayer que ya revisaron las estructuras en la zona y la quebrada Rumipamba y no hallaron ninguna novedad. De todas formas, entre los  vecinos  se mantiene un solo clamor: acciones para no volver a ser los  protagonistas  de una nueva  tragedia ."
8,China y Espa√±a ofrecen ayuda a Ecuador por aluvi√≥n en La Gasca y situaci√≥n en Cotopaxi,El Universo,2022-02-03T20:36:45Z,https://news.google.com/articles/CBMiXWh0dHBzOi8vd3d3LmVsdW5pdmVyc28uY29tL25vdGljaWFzL2VjdWFkb3IvYWx1dmlvbi1sYS1nYXNjYS1jaGluYS1lc3BhbmEtb2ZyZWNlbi1heXVkYS1ub3RhL9IBbGh0dHBzOi8vd3d3LmVsdW5pdmVyc28uY29tL25vdGljaWFzL2VjdWFkb3IvYWx1dmlvbi1sYS1nYXNjYS1jaGluYS1lc3BhbmEtb2ZyZWNlbi1heXVkYS1ub3RhLz9vdXRwdXRUeXBlPWFtcA?hl=es-419&gl=US&ceid=US%3Aes-419,"La ma√±ana de este jueves 3 de febrero del 2022, el canciller  Juan Carlos Holgu√≠n  inform√≥ que  China  y  Espa√±a  han ofrecido ayuda a Ecuador para enfrentar la tragedia del aluvi√≥n en  La Gasca  y tambi√©n la situaci√≥n en  Cotopaxi  por el clima invernal. Holgu√≠n se√±al√≥ que las autoridades chinas mostraron su solidaridad y compromiso para cooperar con Ecuador para la atenci√≥n a v√≠ctimas y da√±os de la tragedia debido al aluvi√≥n en La Gasca, barrio de Quito, y tambi√©n para los problemas en Cotopaxi a causa del clima. El s√°bado ampliar√°n la informaci√≥n sobre la cooperaci√≥n. Holgu√≠n inform√≥ tambi√©n que, durante la escala en Espa√±a, el presidente  Guillermo Lasso  recibi√≥ la llamada del  rey Felipe VI , quien tambi√©n ofreci√≥ colaboraci√≥n por las tragedias registradas en Ecuador, debido a la temporada invernal. Hasta el momento, en  La Gasca , ubicado en el centro noroccidental de Quito, se registran 26 fallecidos, 53 heridos y 5 desaparecidos, seg√∫n el √∫ltimo reporte del  Municipio de Quito, a las 11h00 de este jueves 3 de febrero . En un reporte anterior tambi√©n se contabilizaban 24 viviendas afectadas, 8 viviendas colapsadas, 27 veh√≠culos afectados, 22 motos afectadas y 14 cerramientos colapsados.  (I)"
12,"Algunas mascotas sin due√±o han sido halladas durante limpieza tras el aluvi√≥n de La Gasca, en Quito",El Universo,2022-02-02T01:17:19Z,https://news.google.com/articles/CBMilAFodHRwczovL3d3dy5lbHVuaXZlcnNvLmNvbS9ub3RpY2lhcy9lY3VhZG9yL2FsZ3VuYXMtbWFzY290YXMtc2luLWR1ZW5vLWhhbi1zaWRvLWhhbGxhZGFzLWR1cmFudGUtbGltcGllemEtdHJhcy1lbC1hbHV2aW9uLWRlLWxhLWdhc2NhLWVuLXF1aXRvLW5vdGEv0gGjAWh0dHBzOi8vd3d3LmVsdW5pdmVyc28uY29tL25vdGljaWFzL2VjdWFkb3IvYWxndW5hcy1tYXNjb3Rhcy1zaW4tZHVlbm8taGFuLXNpZG8taGFsbGFkYXMtZHVyYW50ZS1saW1waWV6YS10cmFzLWVsLWFsdXZpb24tZGUtbGEtZ2FzY2EtZW4tcXVpdG8tbm90YS8_b3V0cHV0VHlwZT1hbXA?hl=es-419&gl=US&ceid=US%3Aes-419,"El  aluvi√≥n que afect√≥ a ciudadanos y viviendas en barrios del sector La Gasca en Quito  tambi√©n dej√≥ a muchas mascotas desaparecidas y a otras sin hogar. En redes sociales veterinarios y ciudadanos est√°n prestando su contingente para apoyar a los animalitos afectados por la tragedia. Santiago G√°ndara ofreci√≥ mediante redes sociales que puede ayudar en algo a animalitos que sufrieron heridas por el aluvi√≥n. ‚ÄúOfrecemos nuestros servicios gratuitos en Veterinaria VetzQ. Pueden comunicarse al 0989313128 sea por llamadas o WhatsApp‚Äù. El Municipio de Quito, mediante la Unidad de Bienestar Animal Quito, se ha activado en esta emergencia. Una brigada de m√©dicos veterinarios se encuentran recorriendo el sector de La Gasca verificando el estado de los animales de compa√±√≠a. Adem√°s, coordina el traslado a los tres centros para que las mascotas reciban la atenci√≥n veterinaria correspondiente. Tambi√©n, se encuentran recibiendo reportes de mascotas desaparecidas, en el tel√©fono  0963884745. En tanto, las redes sociales tambi√©n sirven para el detalle de mascotas sin due√±o, que han sido rescatadas. Tambi√©n se necesita alimentos y medicamentos para los animalitos afectados, por lo que se solicitan donaciones.  (I)"
13,Paradas del Troleb√∫s y v√≠as cerradas tras aluvi√≥n en La Gasca,El Comercio (Ecuador),2022-02-01T12:15:00Z,https://news.google.com/articles/CBMiV2h0dHBzOi8vd3d3LmVsY29tZXJjaW8uY29tL2FjdHVhbGlkYWQvcXVpdG8vcGFyYWRhcy10cm9sZWJ1cy12aWFzLWNlcnJhZGFzLWFsdXZpb24uaHRtbNIBAA?hl=es-419&gl=US&ceid=US%3Aes-419,"El lodo y otros materiales que arrastr√≥ el aluvi√≥n desde el sector de La Gasca llegaron hasta la  avenida 10 de Agosto . Por ese motivo la Empresa de Pasajeros Quito inform√≥ la ma√±ana de este martes 1 de febrero del 2022 que las paradas del Troleb√∫s de  La Col√≥n ,  Santa Clara  y  La Mariscal  se encuentran cerradas en ambos sentidos.  En el norte de Quito las unidades del  Troleb√∫s  salen desde el Terminal El Labrador hasta la parada Cuero y Caicedo y retornan al terminal. Desde el sur parten desde el Terminal El Recreo hasta la parada El Ejido y tambi√©n realizan un retorno desde ese and√©n.  Las intensas precipitaciones que cayeron la tarde del lunes en  Quito  provoc√≥ que un¬† embalse¬† de la quebrada El Tejado colapse y provoque el deslizamiento de rocas y lodo en el sector de La Gasca. La Agencia Metropolitana de Tr√°nsito actualiz√≥ el estado de las v√≠as tras el aluvi√≥n en el sector de La Gasca. norte de Quito.  Estas son las v√≠as que se encuentran cerradas:"
14,Corazones solidarios se suman para ayudar a familias afectadas por el aluvi√≥n,El Comercio (Ecuador),2022-02-02T21:40:00Z,https://news.google.com/articles/CBMiZmh0dHBzOi8vd3d3LmVsY29tZXJjaW8uY29tL2FjdHVhbGlkYWQvcXVpdG8vYXl1ZGEtZG9uYWNpb25lcy1hZmVjdGFkb3MtYWx1dmlvbi1nYXNjYS1jb211bmEtcXVpdG8uaHRtbNIBAA?hl=es-419&gl=US&ceid=US%3Aes-419,"A la tarde de este mi√©rcoles 2 de febrero del 2022, las  donaciones  no han parado de llegar a la  Concentraci√≥n Deportiva  de  Pichincha . Fundas de  v√≠veres ,  ropa , cobijas, pa√±ales formaban una monta√±a de  ayudas . ¬† Solange Ter√°n acudi√≥ desde el sector del  valle  de Los  Chillos  hasta este complejo deportivo para realizar su donaci√≥n. Junto a sus hijos, dejaron varias fundas de  ropa  para  ni√±os  y  adulto .¬†Comenta que ante estas circunstancias es importante unirse para ayudar a las  familias  que de un momento al otro lo  perdieron todo . ¬† Este mismo sentir lo comparte Giovanni Pallares quien acudi√≥ con su hermano para dejar escobas, paraguas y v√≠veres. ‚ÄúNos conmovi√≥ bastante la situaci√≥n de las personas afectadas, para nosotros fue impactante ver las im√°genes de como el  lodo  y la  lluvia arrasaban  con todo a su paso. Por eso hoy queremos donar art√≠culos de limpieza y en algo contribuir con las personas que realizan esta labor‚Äù. ¬† A trav√©s de redes sociales, por mensajes, desde las  empresas  privadas, p√∫blicas y  ciudadan√≠a  en general no han parado de realizar campa√±as de donaci√≥n para solicitar alimentos, agua y cobijas para entregar a los  damnificados  tras el  aluvi√≥n que  afect√≥  principalmente a la zona de  La Comuna  y La  Gasca , norte de  Quito , el pasado lunes 31 de enero de 2022. ¬† Mishell Duque, directora de comunicaci√≥n de Concentraci√≥n Deportiva de Pichincha, inform√≥ que han organizado protocolos de  bioseguridad  para entregar las  donaciones  y como instituci√≥n han preparado  kits  de  bebidas  para  polic√≠as, bomberos, militares  y  ciudadan√≠a  que trabaja en la  remoci√≥n  de  escombros  y que no han parado en las labores de  rescate . ¬† Otro de los puntos que se han activado es el  edificio  de la  C√°mara  de  Comercio  de  Quito  (CCQ). Carlos Zaldumbide, director ejecutivo del gremio, destac√≥ la jornada de solidaridad que se ha vivido en estos d√≠as. ‚ÄúNos emociona que los quite√±os demuestren esa solidaridad, ver ni√±os, j√≥venes, adultos, familias completas entregando sus donaciones, nos da esperanza y sabemos que saldremos adelante. Esto no ha terminado, seguiremos receptando las donaciones en la avenida Amazonas y Rep√∫blica, en el Edificio Las C√°maras‚Äù, expres√≥. ¬† El funcionario cont√≥ que est√°n trabajando de manera coordinada con el personal de  Bomberos  para entregar los  donativos  a las  familias  afectadas. En total se reuni√≥ siete  toneladas  de  donaciones  entre v√≠veres, cobijas y art√≠culos para las labores de limpieza. Estas ayudas fueron distribuidas en ocho  camiones  que entregaron al  Municipio  de Quito en sus puntos de apoyo, en el sector de  La Gasca .¬† M√≥nica Cevallos quien vive por el sector de La Carolina, acudi√≥ a esta instituci√≥n a dejar sus donaciones. Expres√≥ que pese al mal momento que nos dej√≥ la  pandemia , esta es la oportunidad de ser corazones solidarios y ayudar a las  personas que resultaron afectadas con el  aluvi√≥n . ¬† En otro punto de la ciudad, en el sur de Quito, las instalaciones de  Grupo EL COMERCIO  tambi√©n funcionan como punto de acopio, en este lugar se receptan tambi√©n  donaciones  como frazadas, ropa abrigada, f√≥sforos, linternas, kit de aseo, art√≠culos sanitarios y alimentos no perecibles. ¬† Adem√°s, la  Secretar√≠a de Seguridad y Gobernabilidad  del Municipio de Quito activ√≥ ocho  Centros  de  Atenci√≥n Temporal  que est√°n ubicados en las nueve administraciones zonales. En estos lugares brindan  atenci√≥n psicol√≥gica  en conjunto con otras entidades del Municipio. ¬† La Secretar√≠a de Salud habilit√≥ seis  albergues  para las familias que resultaron afectadas.¬† Estos  lugares  de acogida est√°n ubicados en  Tumbaco ,  Calder√≥n ,  Quitumbe , en la Unidad multiuso del Cuerpo de Agentes Metropolitanos de Control- Albergue  Eugenio Espejo  y Albergue  Eloy Alfaro , otro punto es en el  Comando  de la  Polic√≠a Metropolitana  de La  Delicia . ¬† Desde el Municipio de Quito, la recomendaci√≥n es que las personas que quieran ayudar a los afectados donen  frazadas ,  agua ,  colchones ,  vituallas ,  abrigos ,  alimentos  no perecibles,  calzado  y menaje de casa.¬† Desde los  mercados  de abasto capitalinos tambi√©n se gestiona ayuda. Otro punto de acopio son los exteriores del  Supermaxi  de La Gasca, en este lugar se gestiona la entrega de los  productos  a los  afectados .¬† La  Unidad  de  Bienestar Animal  Quito, se ha activado en esta emergencia. Una brigada de m√©dicos  veterinarios  recorre el sector de La Gasca verificando el estado de los  animales  de  compa√±√≠a . Adem√°s, coordina el traslado a los tres centros para que las  mascotas  reciban la  atenci√≥n veterinaria  correspondiente.¬† Mientras que, Katinka Cevallos voluntaria de la  Fundaci√≥n Lucky Ecuador  solicit√≥ a la ciudadan√≠a que entre las donaciones incluyan tambi√©n  alimentos ,  frazadas  para los  peluditos  que por el aluvi√≥n se quedaron  sin hogar . ¬†"
21,Servicios funerarios gratuitos se ofrecen para v√≠ctimas del aluvi√≥n,El Comercio (Ecuador),2022-02-01T21:15:00Z,https://news.google.com/articles/CBMiZGh0dHBzOi8vd3d3LmVsY29tZXJjaW8uY29tL2FjdHVhbGlkYWQvcXVpdG8vZnVuZXJhcmlhcy1zZXJ2aWNpby1ncmF0dWl0by12aWN0aW1hcy1hbHV2aW9uLWdhc2NhLmh0bWzSAQA?hl=es-419&gl=US&ceid=US%3Aes-419,"El¬† Grupo¬†La Paz , a trav√©s de una  alianza  p√∫blico-privada con el  Municipio  de Quito, ofreci√≥  servicios  funerarios  gratuitos  para las personas que  fallecieron  durante el  aluvi√≥n  que afect√≥ al sector de La  Gasca , en  la capital.¬† El servicio gratuito incluye un ata√∫d, el traslado hasta la  funeraria , la  velaci√≥n  y el traslado del cuerpo al  cementerio  o tambi√©n la cremaci√≥n sin costo, a trav√©s del Municipio capitalino.¬†¬†La empresa tiene convenios con tres campos santos para el entierro de las  v√≠ctimas  del aluvi√≥n.¬† Este martes 1 de febrero del 2022, el alcalde de Quito,  Santiago   Guarderas , dijo que  hay 22 fallecidos y 47 herido s. Adem√°s, indic√≥ que nueve cuerpos ya han sido entregados a sus familiares en Medicina Legal.¬†¬† Sebasti√°n Barona, coordinador nacional de la Federaci√≥n de Funerarias, indic√≥ que estos servicios exequiales est√°n orientados espec√≠ficamente para las  v√≠ctimas  de  escasos recursos  econ√≥micos y que, por ejemplo,  no contaban  con  Seguro Social .¬†Seg√∫n el ejecutivo, hasta pasadas las 13:00 de este martes han ayudado a los familiares de tres fallecidos del aluvi√≥n.¬†¬† Para acceder a estos servicios funerarios, las personas pueden contactarse al¬† 0999456513 ¬†o tambi√©n pueden acercarse a la funeraria ubicada en la avenida Am√©rica y Veracruz.¬†¬† La  funeraria Los Lirios  de Quito tambi√©n ofrecer√° sus servicios f√∫nebres de manera gratuita a las personas de escasos recursos. La atenci√≥n exequial es completa y consta de: retiro del cuerpo, ata√∫d, preparaci√≥n del cad√°ver, sala de  velaciones  o capilla ardiente, y traslado al crematorio o  cementerio . El costo de estas prestaciones oscilan entre los USD 700 Y 1 000 pero ser√°n cubiertos por la empresa. Hemos dispuesto brindar servicios funerales sin costo a las victimas de la tragedia en  #lagasca  a trav√©s del  @MunicipioQuito   @santiguarderas   @CapiZapataEC  . A poner todos nuestro granito de arena üôèüèΩ . El coordinador Barona dijo a este Diario que no es la primera vez que se ofrece la  gratuidad  para los  servicios funerarios . √âl cuenta que ya lo ha hecho durante el  terremoto  de 2016 en  Manab√≠  y en la  pandemia .  ‚ÄúNuestro servicio es muy sensible‚Äù. Estos eventos adversos, dice, ‚Äúdespliegan sentimientos y las ganas para colaborar a las personas que no tienen los recursos para enfrentar un evento que, adem√°s, es sorpresivo y genera gastos‚Äù, manifest√≥."
23,"China donar√° a Ecuador m√°s vacunas contra COVID-19 y electrodom√©sticos para afectados de La Gasca, primeros resultados tras encuentro presidencial",El Universo,2022-02-05T16:50:10Z,https://news.google.com/articles/CBMixAFodHRwczovL3d3dy5lbHVuaXZlcnNvLmNvbS9ub3RpY2lhcy9wb2xpdGljYS9jaGluYS1kb25hcmEtYS1lY3VhZG9yLW1hcy12YWN1bmFzLWNvbnRyYS1jb3ZpZC0xOS15LWVsZWN0cm9kb21lc3RpY29zLXBhcmEtYWZlY3RhZG9zLWRlLWxhLWdhc2NhLXByaW1lcm9zLXJlc3VsdGFkb3MtdHJhcy1lbmN1ZW50cm8tcHJlc2lkZW5jaWFsLW5vdGEv0gHTAWh0dHBzOi8vd3d3LmVsdW5pdmVyc28uY29tL25vdGljaWFzL3BvbGl0aWNhL2NoaW5hLWRvbmFyYS1hLWVjdWFkb3ItbWFzLXZhY3VuYXMtY29udHJhLWNvdmlkLTE5LXktZWxlY3Ryb2RvbWVzdGljb3MtcGFyYS1hZmVjdGFkb3MtZGUtbGEtZ2FzY2EtcHJpbWVyb3MtcmVzdWx0YWRvcy10cmFzLWVuY3VlbnRyby1wcmVzaWRlbmNpYWwtbm90YS8_b3V0cHV0VHlwZT1hbXA?hl=es-419&gl=US&ceid=US%3Aes-419,"China donar√° 2‚Ä≤500.000 vacunas adicionales para ni√±os de 3 a 5 a√±os de edad y electrodom√©sticos para las familias afectadas por el aluvi√≥n en el sector de La Gasca en Quito. Este fue el primer anuncio dado por el mandatario Guillermo Lasso tras la reuni√≥n que tuvo este s√°bado 5 de febrero con el presidente Xi Jinping. Horas antes, en un encuentro con el primer ministro chino, Li Keqiang, Ecuador expuso la necesidad de lograr un acuerdo comercial, el cual se espera concretar a fines del 2022. En esa reuni√≥n de trabajo tambi√©n ‚Äúconversamos sobre comercio, inversiones y los programas previstos para los pr√≥ximos dos a√±os‚Äù, indic√≥ Lasso. En ambas citas se abordaron temas de alto inter√©s nacional, como marcar la ruta para llegar a un acuerdo comercial con China, mantener los lazos de cooperaci√≥n en distintos sectores, sobre todo para lograr la reactivaci√≥n econ√≥mica pospandemia y continuar enfrentando el COVID-19. Adem√°s, impulsar las inversiones del gigante asi√°tico en Ecuador, seg√∫n un comunicado de la Secretar√≠a General de Comunicaci√≥n de la Presidencia. El mandatario asegur√≥ que hay apertura para fortalecer la cooperaci√≥n econ√≥mica, asistencia sanitaria y sostenibilidad financiera. En ese punto, Lasso sostuvo que con China se convers√≥ sobre la renegociaci√≥n de la deuda y nuevos formatos de cooperaci√≥n econ√≥mica para el mejoramiento de las condiciones de financiamiento en beneficio de los ecuatorianos. ‚ÄúChina ha donado millones de vacunas contra el COVID-19 al Ecuador. Mostramos nuestra gratitud al pueblo chino y al Gobierno por su apoyo en el plan de vacunaci√≥n. Es motivo de alegr√≠a informarles que se continuar√° el trabajo en esta materia, fundamental para la reactivaci√≥n‚Äù, indic√≥ Lasso. En la declaraci√≥n conjunta de Ecuador y China constan temas como el Tratado de Libre Comercio y la renegociaci√≥n de la deuda. En las pr√≥ximas horas se difundir√° su contenido. As√≠ como m√°s detalles y los resultados de estos encuentros por parte del ministro de Relaciones Exteriores, Juan Carlos Holgu√≠n. El presidente Guillermo Lasso lleg√≥ el jueves 3 de febrero a Pek√≠n para participar en la ceremonia de inauguraci√≥n de los Juegos Ol√≠mpicos de Invierno y abordar con el Gobierno del pa√≠s asi√°tico la renegociaci√≥n de la deuda y la firma de un tratado de libre comercio. ‚ÄúLlegamos a China con dos objetivos muy importantes para el Ecuador: un acuerdo de libre comercio y la renegociaci√≥n de la deuda. Son d√≠as llenos de trabajo entre los equipos de ambos pa√≠ses. Estamos seguros de que los resultados ser√°n positivos y beneficiar√°n al pueblo ecuatoriano‚Äù, escribi√≥ el mandatario en su cuenta de Twitter. A su salida de Quito, adelant√≥ que espera ‚Äúalcanzar objetivos positivos para el desarrollo‚Äù de su pa√≠s, lo cual incluye la renegociaci√≥n de la deuda que mantiene con los bancos chinos, que asciende a unos $ 4.600 millones, de los que $ 400 millones son ‚Äúdeuda concesional‚Äù a muy bajo inter√©s y muy largo plazo. China es el segundo socio comercial m√°s importante de Ecuador y una de las m√°s importantes fuentes de inversi√≥n extranjera directa. Tambi√©n se reuni√≥ con empresarios para promover la oferta exportable de Ecuador y la carpeta de proyectos de inversiones. En la comitiva de Lasso viajan tambi√©n su esposa, Mar√≠a de Lourdes Alc√≠var; y los ministros de Exteriores, Producci√≥n, Econom√≠a y Salud. (I)"
26,IDV presentar√° su uniforme y ayudar√° a los damnificados de La Gasca,Primicias,2022-02-02T20:41:09Z,https://news.google.com/articles/CBMiUWh0dHBzOi8vd3d3LnByaW1pY2lhcy5lYy9ub3RpY2lhcy9qdWdhZGEvaWR2LWNhbXBhbmEtYXl1ZGFyLWRhbW5pZmljYWRvcy1sYWdhc2NhL9IBAA?hl=es-419&gl=US&ceid=US%3Aes-419,"IDV organizar√° un partido entre las Dragonas y la Selecci√≥n ecuatoriana de f√∫tbol femenina, en donde  presentar√° su nuevo uniforme para la temporada 2022. El evento se desarrollar√° el jueves 3 de febrero, desde las 19:00, en el Estadio Banco Guayaquil, y  contar√° con el 50% de aforo.  Ten√≠amos una Fiesta preparada, pero el momento nos plantea un nuevo escenario.  üö® Presentaci√≥n de  #IDV   üòç  #LaGascaNosNecesita   üéüÔ∏è Canjea tu entrada por una donaci√≥n solidaria para la gente üëäüòé Te Esperamos  #EstadioBancoGuayaquil   üò∑ Usa tu Mascarilla üóì 3- Febrero 19h00  pic.twitter.com/4OiAcct3ej ‚ÄúTen√≠amos una fiesta preparada,  pero el momento nos plantea un nuevo escenario ‚Äú, public√≥ el club en sus redes sociales. Y es que, tras el aluvi√≥n que sufrieron esas zonas de Quito, IDV canjear√° las entradas para el partido por  alimentos no perecibles y otras donaciones , como implementos de limpieza guantes, botas de caucho, cobijas, agua y papel higi√©nico. No es la primera vez que el club hace ayuda social. En 2016, tras el terremoto que azot√≥ a Manab√≠,  la dirigencia don√≥ todo lo recaudado por taquillas en la fase final de la Copa Libertadores  de ese a√±o. Jugada Ciudadanos limpian escombros del aluvi√≥n en La Gasca y La Comuna El Municipio anunci√≥ que la pr√≥xima semana activar√° un fondo econ√≥mico para ayudar a las m√°s de 160 familias damnificadas por el aluvi√≥n.  Jugada Helmut Bellingrodt le desea una pronta recuperaci√≥n a Egan Bernal ‚ÄúEstoy seguro, Egan, de que vas a salir adelante‚Äù, le dijo el primer deportista colombiano en conseguir una medalla ol√≠mpica. Jugada Llegan a Polonia tropas estadounidenses para reforzar a la OTAN Jugada Richard Carapaz finaliza la Etapa 4 de la Etoile de Besseges en el puesto 24 Jugada El periodo electoral para las seccionales empez√≥ este 5 de febrero de 2022 Jugada Ecuador y China acuerdan negociar un tratado de libre comercio"
34,Embajadas de China y Colombia se solidarizan con familias afectadas por aluvi√≥n de La Gasca,El Comercio (Ecuador),2022-02-02T00:30:00Z,https://news.google.com/articles/CBMiWWh0dHBzOi8vd3d3LmVsY29tZXJjaW8uY29tL2FjdHVhbGlkYWQvcXVpdG8vY2hpbmEtY29sb21iaWEtZG9uYWNpb24tZmFtaWxpYXMtYWx1dmlvbi5odG1s0gEA?hl=es-419&gl=US&ceid=US%3Aes-419,"La  tragedia  causada por el  aluvi√≥n  ocurrido en la tarde y noche del lunes 31 de enero del 2022,  instituciones privadas  y las embajadas de  China  y  Colombia  se solidarizaron con las familias que resultaron afectadas en el sector de  La Gasca  y  La Comuna , norte de  Quito . La  Embajada  de la  Rep√∫blica Popular de China  entreg√≥ 9600  mascarillas  para las personas damnificadas de La Gasca, a la vez que expres√≥ sus condolencias a las familias de las  v√≠ctimas . La donaci√≥n se realiz√≥ martes 1 de febrero de 2022. Esta es la primera  donaci√≥n internacional  que recibe el  Distrito Metropolitano de Quito  ante el evento natural que se produjo el lunes, luego de las fuertes lluvias en la capital. La  Embajada de Colombia  en  Ecuador , en un comunicado entregado a la  Direcci√≥n de Relaciones Internacionales , lament√≥ profundamente los hechos por el fen√≥meno natural suscitados el lunes y que dejaron  v√≠ctimas mortales , personas desaparecidas y muchas  familias damnificadas . ‚ÄúEsta Misi√≥n Diplom√°tica al manifestar su profunda preocupaci√≥n ante esta grave situaci√≥n, se solidariza con el Gobierno Nacional y Distrital de Quito, con los afectados y sus familiares‚Äù, se√±al√≥ la legaci√≥n del  Gobierno colombiano  en el pronunciamiento."
35,"‚ÄòPara el cenizario Urkupamba no se ha talado ni un solo √°rbol y no tiene nada que ver con el aluvi√≥n de La Gasca‚Äô, asegura el gerente del proyecto",El Universo,2022-02-03T15:00:02Z,https://news.google.com/articles/CBMiwQFodHRwczovL3d3dy5lbHVuaXZlcnNvLmNvbS9ub3RpY2lhcy9lY3VhZG9yL3BhcmEtZWwtY2VuaXphcmlvLXVya3VwYW1iYS1uby1zZS1oYS10YWxhZG8tbmktdW4tc29sby1hcmJvbC15LW5vLXRpZW5lLW5hZGEtcXVlLXZlci1jb24tZWwtYWx1dmlvbi1kZS1sYS1nYXNjYS1hc2VndXJhLWVsLWdlcmVudGUtZGVsLXByb3llY3RvLW5vdGEv0gHQAWh0dHBzOi8vd3d3LmVsdW5pdmVyc28uY29tL25vdGljaWFzL2VjdWFkb3IvcGFyYS1lbC1jZW5pemFyaW8tdXJrdXBhbWJhLW5vLXNlLWhhLXRhbGFkby1uaS11bi1zb2xvLWFyYm9sLXktbm8tdGllbmUtbmFkYS1xdWUtdmVyLWNvbi1lbC1hbHV2aW9uLWRlLWxhLWdhc2NhLWFzZWd1cmEtZWwtZ2VyZW50ZS1kZWwtcHJveWVjdG8tbm90YS8_b3V0cHV0VHlwZT1hbXA?hl=es-419&gl=US&ceid=US%3Aes-419,"El aluvi√≥n que acab√≥ con la vida de al menos 25 personas y dej√≥ decenas de heridos y desaparecidos en los sectores de La Gasca y La Comuna puso nuevamente en debate el desarrollo del  proyecto privado Urkupamba,  ubicado  en las faldas del volc√°n Pichincha,  pero a m√°s de un kil√≥metro de la zona de la tragedia. El proyecto Urkupamba a√∫n est√° en papeles, sus promotores  no han levantado a√∫n ninguna infraestructura . Consiste en un  cenizario ecol√≥gico;  es decir, en un lugar donde, de concretarse la iniciativa, los restos de las personas fallecidas ser√°n cremados y las cenizas depositadas en urnas biodegradables. Andr√©s Carrasco, representante legal del proyecto Urkupamba, en entrevista con EL UNIVERSO explic√≥ que estas  urnas se enterrar√°n alrededor de √°rboles  que ser√°n sembrados en el lugar.  ‚ÄúNo es lo mismo que un cementerio, donde se sepultar√°n cuerpos‚Äù,  precis√≥. Afirm√≥ que no se ha procedido con ninguna construcci√≥n en el lugar, ‚Äú ni mucho menos se han talado √°rboles ‚Äù, debido los procesos que se arrastran desde el 2015 para la obtenci√≥n de la autorizaci√≥n del Municipio de Quito. Lo que hasta el momento se ha hecho, dijo, es  dar mantenimiento a la infraestructura que ya exist√≠a  -y que perteneci√≥ a la antigua cantera Rumipamba- limpiar los drenajes, cunetas, desfogues de agua. ‚ÄúPor eso aqu√≠, ni en la avenida Mariana de Jes√∫s  no hubo afectaciones por el aguacero del 31 de enero‚Äù. En un comunicado del 1 de febrero, la empresa Urkupamba se√±al√≥ que una de las principales metas del proyecto ser√° la  recuperaci√≥n del bosque andino  de la ladera norte de la quebrada Rumipamba, con el fin de crear un ambiente propicio para el negocio. El proyecto comprende un √°rea de 314 hect√°reas (ha) divididas en 273 ha para una reserva ecol√≥gica, 3 ha para un parque barrial y  para el cenizario se destinar√°n 35 ha , que se desarrollar√°n progresivamente en 20 a√±os. En este espacio, el √°rea de construcci√≥n ser√° de 2.800 metros. La inversi√≥n para el desarrollo de Urkupamba se calcula en  $ 5 millones,  adelant√≥ Carrasco. En la p√°gina web de la compa√±√≠a se despliega un listado de nueve puntos con los permisos y licencias obtenidas en instancias municipales,  informes de factibilidad,  visto bueno del Cuerpo de Bomberos, entre otros. No obstante, la parte legal ha tenido trabas desde 2020. A trav√©s de un comunicado, el Municipio explic√≥ que en junio de 2020 la Administraci√≥n Zonal Eugenio Espejo otorg√≥ la  licencia de construcci√≥n.  Despu√©s, en junio de 2021, la misma Administraci√≥n Zonal  declar√≥ la nulidad,  mediante un acto administrativo. A continuaci√≥n, por un pedido de revisi√≥n planteado por Carrasco,  la nulidad fue revertida por la Procuradur√≠a  Metropolitana, en diciembre de 2021, ya que se encontraron errores jur√≠dicos. Algunos sectores, hasta personajes pol√≠ticos, se oponen al proyecto y lo  responsabilizan por el desastre natural del lunes.  Aseguran que en la zona se han talado √°rboles y que  no se deber√≠a dar paso a una obra de este tipo  dentro de la tupida vegetaci√≥n. Desde el cabildo, en cambio, se ha descartado cualquier relaci√≥n del aluvi√≥n con el cenizario, porque este no se encuentra cerca de la quebrada El Tejado -desbordada por las lluvias-, sino m√°s al norte, en la quebrada Rumipamba. Adem√°s, en un sobrevuelo realizado el martes por las autoridades, para observar la magnitud del desbordamiento de agua, se constat√≥ que  no hay deforestaci√≥n en la quebrada El Tejado . El alcalde Santiago Guarderas y el gerente de la Empresa P√∫blica Metropolitana de Agua Potable y Saneamiento (EPMAPS), Oth√≥n Zevallos, afirmaron que el  aluvi√≥n fue producto de intensas lluvias  que alcanzaron niveles r√©cord de acumulaci√≥n de agua, saturando el embalse y taponando la torre de captaci√≥n de la quebrada. Por lo ocurrido, Urkupamba se convirti√≥ r√°pidamente en tendencia en redes sociales desde el martes, con comentarios de toda √≠ndole. Incluso se lleg√≥ a especular que  Guarderas ser√≠a accionista de la empresa  detr√°s del proyecto; esto fue negado por el alcalde. (I)"
44,Mayor√≠a de v√≠ctimas del aluvi√≥n estaba en un partido de ecuav√≥ley,Primicias,2022-02-03T06:46:00Z,https://news.google.com/articles/CBMiZGh0dHBzOi8vd3d3LnByaW1pY2lhcy5lYy9ub3RpY2lhcy9zb2NpZWRhZC9mYWxsZWNpZG9zLWRlc2FwYXJlY2lkb3MtYWx1dmlvbi1jYW5jaGFzLWVjdWF2b2xleS1xdWl0by_SAQA?hl=es-419&gl=US&ceid=US%3Aes-419,"De la cancha de ecuav√≥ley Carlos Eduardo Ortiz en el barrio La Comuna Baja, en el norte de Quito, solo qued√≥ el grader√≠o. Esa fue una de las primeras zonas en recibir el impacto del aluvi√≥n ocurrido en  los sectores La Comuna y La Gasca , la tarde y noche del 31 de enero de 2022. Al momento del desastre en esa cancha hab√≠a m√°s de 40 personas, algunos estaban jugando y el resto como espectadores.  La mayor√≠a de los 26 fallecidos, 53 heridos y 10 desaparecidos reportados por el aluvi√≥n estuvo en esa cancha barrial. Los familiares llegaron durante todo el d√≠a al edificio de Criminal√≠stica, para enterarse si es que sus familiares estaban entre las v√≠ctimas. Algunos a√∫n ten√≠an su ropa llena de lodo. 
 En el barrio La Comuna, en Quito, se produjo un aluvi√≥n la tarde del 31 de enero de 2022. ¬†API  Uno de los fallecidos es Wilmer Moreira, de 45 a√±os. Su esposa Irma Tacuri, de 41 a√±os, contaba que √©l iba casi todos los d√≠as, desde el sector de La Pulida, a jugar ecuav√≥ley en la cancha de La Comuna Baja. ‚ÄúEn las noticias me enter√© de la muerte de mi esposo‚Äù, le dec√≠a a uno de los funcionarios del  Servicio Nacional de Medicina Legal y Ciencias Forenses , que atend√≠a a los familiares de las v√≠ctimas. El funcionario revis√≥ las dos listas de fallecidos que ten√≠a en sus manos, mientras decenas de familiares los buscaban para conocer el paradero de sus allegados fallecidos y desaparecidos. Nada. El nombre de Wilmer Moreina no estuvo en los registros de criminal√≠stica hasta la tarde del 1 de febrero. Estefan√≠a Mena tambi√©n acudi√≥ al edificio de Criminal√≠stica para identificar el cuerpo de su cu√±ado Luis Conza, de 34 a√±os, quien tambi√©n estuvo en la cancha de La Comuna durante el aluvi√≥n. El cuerpo del joven fue localizado a la 01:30 del 1 de febrero, a cinco cuadras de la cancha. Los familiares de las v√≠ctimas, a√∫n con lodo en su vestimenta, cuentan que en esa cancha de ecuav√≥ley se reun√≠an a diario m√°s de 40 personas y los fines de semana el doble.  Los partidos se jugaban desde las 16:00 hasta las 21:00 y los fines de semana hasta medianoche. Jorge no sabe si su hermano Edwin Chalco est√° muerto o desaparecido. ‚ÄúSus compa√±eros me dijeron que estaba en las canchas. √âl jugaba como servidor‚Äù, explicaba al pedir asistencia al personal de criminal√≠stica. El registro e identificaci√≥n de fallecidos en Criminal√≠stica fue largo y complejo.  Eso provoc√≥ reclamos de quienes buscaban a familiares desaparecidos o intentaban retirar los cuerpos para su velaci√≥n. 
 Varios ciudadanos llegaron hasta criminal√≠stica, en Quito, para retirar los cuerpos de sus familiares fallecidos, el 1 de febrero de 2022.  ¬†Primicias.  ‚ÄúEstamos afuera con la carroza f√∫nebre‚Äù, explicaba Narcisa Panoluisa a un polic√≠a. Su hermana Melani, de 17 a√±os de edad, falleci√≥ tras ser arrastrada dos kil√≥metros por el lodo. La mujer cuenta que su hermana regresaba de un curso de nivelaci√≥n, en donde se preparaba para dar el examen de ingreso a la universidad, ‚Äúquer√≠a ser doctora‚Äù. ‚ÄúMelani estaba en la puerta de la casa. Timbr√≥ y mis pap√°s salieron a verla. Los tres fueron  arrastrados por el aluvi√≥n ‚Äú, relata la hermana mayor. Su madre fue rescatada con vida, pero est√° en terapia intensiva y su pap√° tiene 12 fracturas en las costillas. ‚ÄúEllos no saben de la muerte de Melani‚Äù, suelta Narcisa, mientras habla con un familiar por tel√©fono. En la entrada de Criminal√≠stica, varios funcionarios brindaban atenci√≥n a los familiares, adem√°s del personal de Criminal√≠stica.  Por ejemplo, funcionarios de la Secretar√≠a de Derechos Humanos ofrec√≠an asistencia psicol√≥gica. Las √∫ltimas horas del alcalde de Quito, Santiago Guarderas, han sido intensas.  La noche, tras el aluvi√≥n, Guarderas acudi√≥ al sector de La Comuna y fue abucheado por moradores. Las cr√≠ticas fueron registradas en las redes sociales. El 1 de febrero, tras realizar un recorrido por La Comuna y La Gasca, el alcalde visit√≥ las instalaciones de Criminal√≠stica. Esta vez los ciudadanos le pidieron ayuda para acelerar el proceso de identificaci√≥n de v√≠ctimas. En entrevista con PRIMICIAS, Guarderas insisti√≥ que la causa fue ‚Äúun fen√≥meno natural extraordinario‚Äù, aunque que s√≠ hay preocupaci√≥n por la situaci√≥n en otras quebradas de Quito, ‚Äúhemos hecho monitoreo y mantenimiento permanente‚Äù, dijo. Adem√°s, el Municipio habilit√≥ ocho albergues temporales para atender a los damnificados por el aluvi√≥n. Hasta la tarde del 1 de febrero, pocos llegaron hasta esos lugares. Sociedad Ciudadanos limpian escombros del aluvi√≥n en La Gasca y La Comuna El Municipio anunci√≥ que la pr√≥xima semana activar√° un fondo econ√≥mico para ayudar a las m√°s de 160 familias damnificadas por el aluvi√≥n.  Sociedad Helmut Bellingrodt le desea una pronta recuperaci√≥n a Egan Bernal ‚ÄúEstoy seguro, Egan, de que vas a salir adelante‚Äù, le dijo el primer deportista colombiano en conseguir una medalla ol√≠mpica. Sociedad Llegan a Polonia tropas estadounidenses para reforzar a la OTAN Sociedad Richard Carapaz finaliza la Etapa 4 de la Etoile de Besseges en el puesto 24 Sociedad El periodo electoral para las seccionales empez√≥ este 5 de febrero de 2022 Sociedad Ecuador y China acuerdan negociar un tratado de libre comercio"
45,Alcald√≠a de Guayaquil ofrecer√° ayuda sicol√≥gica para afectados por aluvi√≥n en Quito,El Comercio (Ecuador),2022-02-03T23:14:00Z,https://news.google.com/articles/CBMiXGh0dHBzOi8vd3d3LmVsY29tZXJjaW8uY29tL2FjdHVhbGlkYWQvcXVpdG8vYWxjYWxkaWEtZ3VheWFxdWlsLWF5dWRhLXNpY29sb2dpY2EtYWx1dmlvbi5odG1s0gEA?hl=es-419&gl=US&ceid=US%3Aes-419,"El  Municipio de Gayaquil  trabaja para implementar un servicio de  telepsicolog√≠a  especialmente creado para ayudar a las personas afectadas por el  deslave  que afect√≥ al barrio  La Comuna  y a los vecinos de  La Gasca . La ayuda contar√° con la supervisi√≥n de psic√≥logos de la  Empresa P√∫blica Municipal Desarrollo, Acci√≥n Social y Educaci√≥n  (EP DASE), que guiar√°n a un grupo de  profesionales  para brindar el apoyo que las personas necesiten para enfrentar este trance. Para acceder a este servicio los  usuarios  deben comunicarse al n√∫mero 594800 ext. 3467, un psic√≥logo los atender√° y luego de completar un  formulario , evaluando el estado del paciente, se brindar√° la atenci√≥n psicol√≥gica requerida. Al momento la EP DASE trabaja en coordinaci√≥n con la  Direcci√≥n de Inform√°tica de la Alcald√≠a de Guayaquil  en la instalaci√≥n y habilitaci√≥n de las l√≠neas telef√≥nicas. El  Municipio de Guayaquil  envi√≥ personal, equipamiento, alimentos y vituallas a  Quito , para ayudar con las labores de rescate, remoci√≥n de residuos y atenci√≥n a los damnificados. ¬°Estamos con ustedes! ü§ù ‚û°Ô∏èA trav√©s de una escucha activa y emp√°tica le devolveremos la estabilidad psicol√≥gica permiti√©ndoles afrontar esta crisis en el √°mbito emocional, f√≠sico y cognitivo. üìû: 042-594800 ext: 3467.  pic.twitter.com/9mVhd165OU"
59,Asamble√≠sta Cabascango acusa de negligentes a las autoridades del Municipio de Quito,El Comercio (Ecuador),2022-02-03T23:44:00Z,https://news.google.com/articles/CBMiZmh0dHBzOi8vd3d3LmVsY29tZXJjaW8uY29tL2FjdHVhbGlkYWQvcXVpdG8vYXNhbWJsZWlzdGEtbmVnbGlnZW5jaWEtYXV0b3JpZGFkZXMtbXVuaWNpcGlvLWFsdXZpb24uaHRtbNIBAA?hl=es-419&gl=US&ceid=US%3Aes-419,"El presidente de la Comisi√≥n de Garant√≠as Constitucionales,  Fernando Cabascango  (Pachakutik), anunci√≥ que propondr√° un  proceso de fiscalizaci√≥n  frente a la tragedia ocurrida en el sector de  La Gasca  y  La Comuna , en  Quito , y acus√≥ de  negligentes  a las  autoridades  del  Municipio . ‚ÄúNos duele e indigna el actuar negligente de las autoridades municipales por no adoptar las medidas necesarias para evitar esta cat√°strofe que hoy lamentamos‚Äù, expres√≥  Cabascango  en un comunicado, este jueves 3 de febrero del 2022. A nombre de la Comisi√≥n demand√≥ que las  autoridades locales  ‚Äúden a conocer las causas reales del aluvi√≥n‚Äù que cobr√≥ la vida de 26 personas y dej√≥ medio centenar de heridos el lunes pasado, a pesar de que el alcalde,  Santiago Guarderas , se√±al√≥ que fue producto de las  intensas lluvias . Cabascango,  asamble√≠sta  electo por la provincia de  Pichincha , exigi√≥ que se implementen y cumplan pol√≠ticas que garanticen que esto no vuelva a ocurrir en  Quito . ‚ÄúEs necesario se revise el Plan de Ordenamiento Territorial, as√≠ como el uso y gesti√≥n del suelo de esta ciudad, a fin de identificar claramente las zonas de alto riesgo y las zonas naturales que requieran una especial atenci√≥n y protecci√≥n‚Äù. Se√±al√≥ que en las pr√≥ximas horas convocar√° a la  Comisi√≥n  a una sesi√≥n ordinaria para tratar los hechos ocurridos en la  Comuna de Santa Clara de San Mill√°n , y sectores aleda√±os al barrio  La Gasca . La  Constituci√≥n , sin embargo, no otorga facultades a la Asamblea para fiscalizar las acciones de los municipios y prefecturas. Las autoridades de  #Quito  deber√°n acudir a la Comisi√≥n de  @DerHumanosAN  de la @AsambleaNacional para responder sobre sus acciones y omisiones, por lo ocurrido en la Comuna de Santa Clara de San Mill√°n y el barrio La Gasca.  pic.twitter.com/Ie9APhUP6f"
63,"'Hubo un estruendo, se fue la luz y todo empez√≥ a temblar'",El Comercio (Ecuador),2022-02-02T05:00:00Z,https://news.google.com/articles/CBMiVmh0dHBzOi8vd3d3LmVsY29tZXJjaW8uY29tL2FjdHVhbGlkYWQvcXVpdG8vZXN0cnVlbmRvLWx1ei10ZW1ibG9yLWFsdXZpb24tbGFnYXNjYS5odG1s0gEA?hl=es-419&gl=US&ceid=US%3Aes-419,"La gente en  La Comuna  y  La Gasca  cree que todo empez√≥ entre las 18:00 y 18:20 del lunes pasado, cuando se escuch√≥ un estruendo, se fue la luz y empez√≥ el caos. En la Comuna, un barrio popular que se asienta a los pies del  Pichincha , era un d√≠a como cualquier otro. Desde el fin de semana hubo lluvias, pero no fueron tan fuertes. En la esquina de la Berrutieta y Antonio Herrera, los vecinos y amigos de otros barrios se concentraban en la cancha de v√≥ley desde las 15:00. Ese era el punto de encuentro donde a diario la gente bajaba a jugar y tambi√©n a ver los partidos, cuenta Patricio Sangu√±a, un morador del barrio. Ese espacio se arregl√≥ antes de que empezara la pandemia del covid-19. ‚ÄúRescataron el espacio y se puso techo. Por eso, aunque ‚Äòchispeaba‚Äô, la gente bajaba a jugar‚Äù, dice Carlos Pazmi√±o, otro vecino. La cancha est√° a una cuadra del t√∫nel que conecta la avenida Mariscal Sucre con la Berrutieta, la cual se convirti√≥ en el canal de desfogue de agua, lodo, piedras y troncos que llegaban desde arriba. Consuelo Chicaiza tiene su casa en esa cuadra. Recuerda un estruendo, el corte de luz y que todo empez√≥ a temblar. ‚ÄúEra como una ola que lleg√≥ hasta el segundo piso. Algo impensable porque hasta ese momento solo ca√≠a una llovizna‚Äù. Las marcas de la ola est√°n en las paredes y ventanas de la casa de Consuelo. Uno de los vidrios del segundo piso est√° roto por la fuerza del aluvi√≥n. En la cancha de v√≥ley no pudieron reaccionar. Unos hablan de 40 personas. Otros, quienes pasaron por el lugar antes del aluvi√≥n, dicen que eran 60 personas. Hab√≠a un campeonato y all√≠ acostumbraban a jugar con fuertes apuestas. Chicaiza dice que lo m√°s fuerte dur√≥ cinco minutos, pero pudo ser m√°s tiempo. Su desesperaci√≥n solo la llev√≥ a refugiarse en el segundo piso mientras el agua recorr√≠a las calles de La Gasca. La misma desesperaci√≥n sinti√≥ Fabi√°n Lugma√±a, quien vive cerca del t√∫nel. Su hermana tiene la casa al lado de la cancha. Esper√≥ que pasara lo peor y, despu√©s, en medio del agua que bajaba con fuerza, sali√≥ a buscar a su familiar. ‚ÄúNo pudo ser m√°s all√° de las 18:30. Solo le gritaba a mi hermana para saber si estaba bien. Pens√© lo peor, pero gracias a Dios no les pas√≥ nada. Viven ocho personas ah√≠. Lo perdieron todo, pero est√°n con vida‚Äù, cuenta. No todos tuvieron la misma suerte. Lugma√±a cuenta que apenas fue posible, cerca de las 18:45, la gente empez√≥ a ayudar y lograron sacar del lodo a cinco vecinos. Cuando habla de los fallecidos se quiebra su voz y prefiere no contar m√°s. M√°s abajo, en la calle N24C, en la Comuna Baja, el agua se llev√≥ una casa ubicada cerca de la cancha. Entr√≥ con tierra, palos y piedras a dos edificios y continu√≥ su curso hacia La Gasca. Margarita Chiluisa vive en esa calle y recuerda que el estruendo que escuch√≥ la hizo salir a la ventana. Vio postes ca√≠dos y hab√≠a chispas en los cables de electricidad que hac√≠an contacto con el agua. La situaci√≥n se volvi√≥ m√°s compleja cuando lleg√≥ la noche. No hab√≠a luz, tampoco era posible comunicarse con familiares. Con lo que tuvieron a mano, seg√∫n Chicaiza, limpiaron el lodo que entr√≥ a la casa. As√≠ pasaron hasta la 01:00; mientras tuvieron fuerza. No solamente la calle La Gasca fue afectada. La N√∫√±ez de Bonilla, una cuadra hacia el norte, tambi√©n sinti√≥ el impacto del aluvi√≥n. Consuelo D√≠az tiene su casa frente al parque de esa calle, casi a la altura de la Domingo Espinar. ‚ÄúNo llov√≠a mucho. Pens√© en sacar a mi perrito a pasear. Prefer√≠ no mojarme‚Äù, cuenta. En el parque hab√≠a gente. Por eso, cuando todo empez√≥, D√≠az escuch√≥ gritos. Ella sali√≥ a la ventana y tambi√©n vio una ola que alcanzaba los dos metros. Solo pudo esperar. A las 20:00, en medio de la oscuridad y con lo √∫ltimo de bater√≠a que le restaba a su tel√©fono, logr√≥ hablar con sus hijos. Minutos despu√©s la recogieron a ella y a su esposo. La noche transcurri√≥ entre el miedo y la ansiedad. Ninguna autoridad les dijo qu√© deb√≠an hacer. Por eso, y ante el miedo de m√°s lluvias o de robos, los vecinos prefirieron mantenerse despiertos. La ma√±ana de ayer, hasta La Gasca y La Comuna llegaron trabajadores de la Empresa El√©ctrica Quito (EEQ), Empresa de Agua Potable (Epmmaps), militares y polic√≠as. Todos, con pala en mano, intentaban limpiar las calles y veredas, donde en medio del lodo hab√≠a ollas, ramas, zapatos, c√≥modas, autos destrozados, guardachoques, varillas y cables. A primera vista, era similar a las zonas m√°s h√∫medas de una selva. La luz regres√≥ paulatinamente la ma√±ana de ayer. El ofrecimiento de Miguel Zea, jefe de Operaci√≥n de la EEQ, fue que hasta las 18:00, el servicio retornar√≠a por completo. En una primera evaluaci√≥n los da√±os significaban cerca de USD 25 000 para esa empresa. En La Gasca y La Comuna hay solidaridad y dolor. Los vecinos montan una red de apoyo para sacar los escombros de sus casas. Otras personas, entre ellas Olga Leiva, transitan por la N24C en busca de un familiar. Leiva no encuentra a su t√≠a, una persona de la tercera edad. ‚ÄúNo sabemos nada de ella desde ayer (lunes). Tenemos familiares fallecidos, pero a mi t√≠a no la encontramos. Ay√∫dennos por favor‚Äù, dice mientras camina. Hasta las 16:40 de ayer, las autoridades confirmaron la muerte de 24 personas. Tambi√©n hab√≠a 15 desaparecidos y otros 47 heridos."
64,Piden ayuda para retirar lodo acumulado en la calle Alonso de Mercadillo,El Comercio (Ecuador),2022-02-01T23:21:00Z,https://news.google.com/articles/CBMiWGh0dHBzOi8vd3d3LmVsY29tZXJjaW8uY29tL2FjdHVhbGlkYWQvcXVpdG8vYWx1dmlvbi1sYWdhc2NhLWxvZG8tbGltcGllemEtYWZlY3RhZG9zLmh0bWzSAQA?hl=es-419&gl=US&ceid=US%3Aes-419,"Desde que empez√≥ el  aluvi√≥n , los vecinos de la calle Alonso de Mercadillo no han parado. Con palas y costales intentan alejar el  lodo y los escombros  de sus casas. Hasta la tarde de este martes 1 de febrero del 2022, el material se acumul√≥ en esa v√≠a, en el tramo que va desde la Versalles hasta la avenida 10 de Agosto. Todo lo que ha bajado por  La Gasca , desde la noche del lunes, se qued√≥ en esa zona. Por eso se form√≥ una especie de piscina profunda, por donde los  moradores  transitaron, en espera de que llegue maquinaria del  Municipio  a ayudarles. ‚ÄúNosotros no podemos solucionar esto con palas, esto es demasiado grave‚Äù, dijo Josefina Correa, quien prefiri√≥ asomarse desde su local de hamburguesas y no salir hasta que llegue la ayuda. A los  moradores  les preocupa que la ayuda se demore, ya que en esa calle viven varios  adultos mayores , quienes no pueden esforzarse del mismo modo que  j√≥venes  como Alejandro Jara. √âl permaneci√≥ en el sector, intentando que el lodo no ingrese a su local de  suministros de oficina . En el  parqueadero  del sitio, una camioneta se hundi√≥ casi por completo en el  lodo . Su propietario, Alfredo V√°squez, no par√≥ de  trabajar  en el lugar durante toda la noche del  aluvi√≥n . ‚ÄúHemos intentado solucionar por nuestros propios medios, hacer canales de desfogue, pero es imposible‚Äù."
72,Empez√≥ la repavimentaci√≥n en el sector de La Gasca,El Comercio (Ecuador),2021-12-08T08:00:00Z,https://news.google.com/articles/CBMiXGh0dHBzOi8vd3d3LmVsY29tZXJjaW8uY29tL2FjdHVhbGlkYWQvcXVpdG8vZW1wZXpvLXJlcGF2aW1lbnRhY2lvbi1nYXNjYS10cmFiYWpvcy1xdWl0by5odG1s0gEA?hl=es-419&gl=US&ceid=US%3Aes-419,"Para los moradores del  sector de La Gasca , en el centro-norte de  Quito , transitar por la calle Gatto Sobral se ha convertido en una preocupaci√≥n por el mal estado de la v√≠a. A este problema, se suma que no existen rompe velocidades en esta v√≠a, los veh√≠culos y los buses circulan a exceso de velocidad. Tras el  pedido  de la  ciudadan√≠a  para el arreglo, la Empresa Metropolitana de Obras P√∫blicas (Epmmop) iniciar√° los  trabajos  de  repavimentaci√≥n  a partir de la noche de este mi√©rcoles 8 de diciembre de 2021. Los trabajos de rehabilitaci√≥n vial tienen una longitud 1 132,70 metros, entre las calles Benjam√≠n Ch√°vez y Gatto Sobral. Lenin Puga, morador del sector, coment√≥ que estos trabajos son de gran ayuda y solicit√≥ a la empresa de Obras P√∫blicas que incluya en el plan de mejoramiento, la colocaci√≥n de rompe velocidades y  se√±alizaci√≥n . Estrella Macay ha vivido en La Gasca por m√°s de 16 a√±os y ha sido testigo de c√≥mo los veh√≠culos han resultado afectados por los  huecos  que se forman en la calle. Comenta que anteriormente solo han realizado trabajos de rebacheo y con el tiempo los huecos nuevamente aparecen en la v√≠a. Seg√∫n la Epmmop, el monto de  inversi√≥n  es de USD 1 000 420,77, este  presupuesto  corresponde a todo al paquete contratado para la rehabilitaci√≥n de 8 v√≠as con aproximadamente 7 kil√≥metros de intervenci√≥n. Dentro de este presupuesto tambi√©n se incluye el mantenimiento de la  calle Jorge Piedra , ubicada en el sector de La Pulida, norte de Quito. Los trabajos a realizar ser√°n desde la calle N54 hasta la Jos√© S√°nchez, con una longitud de 760 metros. Estas dos obras, que se inician desde este 8 de diciembre del 2021, van a beneficiar a 30 000 quite√±os. Los horarios de trabajo tendr√°n dos jornadas, en la ma√±ana ser√° desde las 10:00 a 16:00 y en la noche a partir de las 22:00 hasta las 04:00."
91,Llamas consumen vivienda de madera en parroquia rural de Chone,El Universo,2022-01-02T08:00:00Z,https://news.google.com/articles/CBMic2h0dHBzOi8vd3d3LmVsdW5pdmVyc28uY29tL25vdGljaWFzL2VjdWFkb3IvbGxhbWFzLWNvbnN1bWVuLXZpdmllbmRhLWRlLW1hZGVyYS1lbi1sYS1wYXJyb3F1aWEtcnVyYWwtZGUtY2hvbmUtbm90YS_SAYIBaHR0cHM6Ly93d3cuZWx1bml2ZXJzby5jb20vbm90aWNpYXMvZWN1YWRvci9sbGFtYXMtY29uc3VtZW4tdml2aWVuZGEtZGUtbWFkZXJhLWVuLWxhLXBhcnJvcXVpYS1ydXJhbC1kZS1jaG9uZS1ub3RhLz9vdXRwdXRUeXBlPWFtcA?hl=es-419&gl=US&ceid=US%3Aes-419,"Chone, Manab√≠ Una familia se qued√≥ sin nada, despu√©s de que un flagelo consumiera su vivienda, el s√°bado 1 de enero, aproximadamente a las 18:00, en el barrio San Jos√©, perteneciente a la parroquia rural Convento. Al lugar de la emergencia llegaron polic√≠as y bomberos de la parroquia y del cant√≥n Flavio Alfaro, pero nada pudieron hacer ya que la vivienda era de madera y ca√±a. Jefferson Wellington Segovia Aveiga, de 40 a√±os, arrendatario de la vivienda, manifest√≥ que al momento del flagelo no estaba nadie en casa, ya que hab√≠an pasado el d√≠a en casa de familiares. Con l√°grimas en sus ojos y en la desesperaci√≥n, manifestaba que perdieron todos los enseres, incluso todo el material del taller de vulcanizadora y que durante a√±os le cost√≥ adquirir junto a su esposa, ya que √©l se dedica al arreglo de llantas de veh√≠culos. Seg√∫n el informe preliminar, el fuego habr√≠a empezado desde arriba y est√°n investigando si fue por un cortocircuito. Jefferson Wellington compart√≠a la vivienda con su esposa Ana Mar√≠a V√°squez Sosa, 32 a√±os, y dos hijos menores de edad, quienes piden ayuda.  (I)"
97,Despu√©s de 20 d√≠as fue encontrado cuerpo de menor arrastrado por aluvi√≥n en Ibarra,El Universo,2021-12-01T08:00:00Z,https://news.google.com/articles/CBMihAFodHRwczovL3d3dy5lbHVuaXZlcnNvLmNvbS9ub3RpY2lhcy9lY3VhZG9yL2Rlc3B1ZXMtZGUtMjAtZGlhcy1mdWUtZW5jb250cmFkby1jdWVycG8tZGUtbWVub3ItYXJyYXN0cmFkby1wb3ItYWx1dmlvbi1lbi1pYmFycmEtbm90YS_SAZMBaHR0cHM6Ly93d3cuZWx1bml2ZXJzby5jb20vbm90aWNpYXMvZWN1YWRvci9kZXNwdWVzLWRlLTIwLWRpYXMtZnVlLWVuY29udHJhZG8tY3VlcnBvLWRlLW1lbm9yLWFycmFzdHJhZG8tcG9yLWFsdXZpb24tZW4taWJhcnJhLW5vdGEvP291dHB1dFR5cGU9YW1w?hl=es-419&gl=US&ceid=US%3Aes-419,"Ibarra Una pericia judicial realizada para investigar la desaparici√≥n del menor Juan Sebasti√°n Ipiales D√≠az, de 9 a√±os, el pasado 10 de noviembre en Ibarra, permiti√≥ el hallazgo del cad√°ver veinte d√≠as despu√©s. √âl y su hermano Santiago Ismael, de 7 a√±os, fueron arrastrados por un aluvi√≥n tras el desbordamiento de la quebrada La Compa√±√≠a, del sector La Floresta, mientras cruzaban un puente. El m√°s peque√±o fue hallado en la noche del mismo d√≠a; en cambio, el mayor fue reportado como desaparecido desde ese entonces. Este martes 30, una alerta proveniente de la hacienda La Carolina, en Imbaya, inform√≥ de la presencia de un cuerpo en el agua. Aquello moviliz√≥ a todos los organismos de socorro y familiares, que realizaron la recuperaci√≥n del cuerpo, una vez que fue extra√≠do de la quebrada. Despu√©s de las 11:00, el cad√°ver fue entregado a los familiares, cerr√°ndose un trabajo de b√∫squeda que dur√≥ 20 d√≠as, que incluy√≥ el uso de maquinaria pesada. El Cuerpo de Bomberos de Ibarra maneja como hip√≥tesis que la fuerte lluvia registrada el lunes pasado removi√≥ alguna √°rea donde el cuerpo estuvo enterrado o atrapado, y el aguacero que sigui√≥ todo el d√≠a permiti√≥ que el cuerpo saliera a flote. Bomberos de Ibarra coincidieron en que por el lugar estuvieron realizando recorridos en varias ocasiones, explic√≥ Fausto Vaca, vocero de la instituci√≥n. No obstante, la Fiscal√≠a y los organismos forenses de la Subzona de Polic√≠a Carchi ser√°n los encargados de determinar las circunstancias del fallecimiento.  (I)"
